<?xml version="1.0" encoding="UTF-8" ?>
<log4j:configuration xmlns:log4j="http://jakarta.apache.org/log4j/">
        
       <appender name="stdout" class="org.apache.log4j.ConsoleAppender">
                <layout class="org.apache.log4j.PatternLayout">
                        <param name="ConversionPattern" 
                                value="%d{HH:mm:ss,SSS} %5p [%-20c{1}] %m%n"/>
                </layout>
        </appender>

        <category name="org.vraptor">
                <priority value="INFO" />
                <appender-ref ref="stdout" />
        </category>

        <category name="com.thoughtworks">
                <priority value="INFO" />
                <appender-ref ref="stdout" />
        </category>
                
        <!--  <category name="br.com.caelum.vraptor">
                <priority value="DEBUG" />
                <appender-ref ref="stdout" />
        </category> -->
        
        <!-- 
        <category name="org.springframework">
                <priority value="INFO" />
                <appender-ref ref="stdout" />
        </category> -->
        
         <category name="org.hibernate">
                <priority value="INFO" />
                <appender-ref ref="stdout" />
        </category> 
       
 
</log4j:configuration>
