<?xml version='1.0' encoding='utf-8'?>
<!DOCTYPE hibernate-configuration PUBLIC
	"-//Hibernate/Hibernate Configuration DTD 3.0//EN"
	"http://www.hibernate.org/dtd/hibernate-configuration-3.0.dtd">
	
<hibernate-configuration>

	<session-factory name="hibernateSessionFactory">
	
		<property name="hibernate.dialect">org.hibernate.dialect.PostgreSQLDialect</property>
		<property name="hibernate.connection.url">jdbc:postgresql://localhost:5432/trixlog</property>
		<property name="hibernate.connection.driver_class">org.postgresql.Driver</property>
		<property name="hibernate.connection.username">postgres</property>
		<property name="hibernate.connection.password">postgres</property>
		<property name="hibernate.connection.characterEncoding">UTF-8</property>
		<property name="maxActive">50</property>     
 		<property name="maxIdle">10</property>
 		<property name="initialSize">10</property>
        <property name="maxWait">1000</property>
		<property name="validationQuery">SELECT 1</property>
        <property name="removeAbandoned">true</property>
        <property name="removeAbandonedTimeout">300</property>
        <property name="logAbandoned">true</property>
        <property name="defaultAutoCommit">false</property>
		<property name="hibernate.current_session_context_class">thread</property>
		
		<property name="hibernate.generate_statistics">false</property>  
		<property name="hibernate.show_sql">true</property>
		<property name="hibernate.hbm2ddl.auto">update</property>
		<property name="hibernate.cache.provider_class">org.hibernate.cache.HashtableCacheProvider</property>
		
		<mapping class="br.com.trixlog.model.Location"/>
		<mapping class="br.com.trixlog.model.Tag"/>		
	</session-factory>

</hibernate-configuration>
	